Frame,Sub Frame,RX,RY,RZ,TX,TY,TZ
1,0,-0.770851,-0.381279,1.706205,-3097.339111,-565.838806,812.332947
2,0,-0.771173,-0.381681,1.70575,-3097.381836,-565.704773,812.288757
3,0,-0.770803,-0.381937,1.705686,-3097.479492,-565.651733,812.313782
4,0,-0.788412,-0.304925,1.72039,-3098.180176,-567.036194,811.515991
5,0,-0.706681,-0.335673,1.777199,-3100.743896,-567.004333,813.083862
6,0,-0.699531,-0.334516,1.784485,-3101.091064,-566.916321,813.178223
7,0,-0.698983,-0.335427,1.785144,-3101.157227,-566.742188,813.154602
8,0,-0.699173,-0.335052,1.784891,-3101.199463,-566.605896,813.089478
9,0,-0.701462,-0.333723,1.784611,-3101.250977,-566.471008,813.000916
10,0,-0.704113,-0.332646,1.783472,-3101.244629,-566.337402,812.887695
11,0,-0.704303,-0.331629,1.783264,-3101.30835,-566.21106,812.82135
12,0,-0.701522,-0.331245,1.784183,-3101.412354,-566.100769,812.803589
13,0,-0.701054,-0.333758,1.783463,-3101.464111,-565.967651,812.85144
14,0,-0.702313,-0.332863,1.783185,-3101.467773,-565.815796,812.794434
15,0,-0.702979,-0.331798,1.783056,-3101.457764,-565.659241,812.738647
16,0,-0.702172,-0.331971,1.783564,-3101.457764,-565.463135,812.700623
17,0,-0.701854,-0.332464,1.783717,-3101.482422,-565.321777,812.726318
18,0,-0.701727,-0.334311,1.783678,-3101.52002,-565.198853,812.809814
19,0,-0.70121,-0.33619,1.783742,-3101.553223,-565.094971,812.926941
20,0,-0.702688,-0.335622,1.783024,-3101.479248,-564.972534,812.886047
21,0,-0.709629,-0.331906,1.782674,-3101.284424,-565.067749,812.734131
22,0,-0.708328,-0.332603,1.783989,-3101.362793,-565.034668,812.828979
23,0,-0.711881,-0.331673,1.782464,-3101.322021,-565.010193,812.855225
24,0,-0.710692,-0.333765,1.782692,-3101.421631,-565.01593,813.068054
25,0,-0.709954,-0.334372,1.783118,-3101.442383,-565.009094,813.154846
26,0,-0.711861,-0.334646,1.78141,-3101.334229,-564.93042,813.130859
27,0,-0.713964,-0.334158,1.78075,-3101.273682,-564.898499,813.145691
28,0,-0.714496,-0.333592,1.78135,-3101.339844,-564.943848,813.266296
29,0,-0.71439,-0.333541,1.782075,-3101.416504,-564.971863,813.393311
30,0,-0.717277,-0.338069,1.771174,-3101.087158,-565.115112,813.573303
31,0,-0.713607,-0.333076,1.783691,-3101.444336,-565.015625,813.490601
32,0,-0.710542,-0.339017,1.782167,-3101.379639,-564.907532,813.566833
33,0,-0.716291,-0.329844,1.782548,-3101.4021,-565.161987,813.526123
34,0,-0.716462,-0.329845,1.782943,-3101.441895,-565.240784,813.598694
35,0,-0.717143,-0.329698,1.782528,-3101.498535,-565.319214,813.687683
36,0,-0.718,-0.332799,1.774006,-3101.22168,-565.488647,813.783386
37,0,-0.768794,-0.332408,1.728007,-3099.221924,-564.315796,812.563171
38,0,-0.717525,-0.327202,1.784277,-3101.501221,-565.409729,813.676514
39,0,-0.708954,-0.331258,1.78571,-3101.706299,-565.189026,813.829468
40,0,-0.709736,-0.33045,1.785921,-3101.709717,-565.234253,813.837097
41,0,-0.71909,-0.331163,1.774974,-3101.226563,-565.592346,813.833679
42,0,-0.709299,-0.331209,1.786522,-3101.728516,-565.253113,813.907776
43,0,-0.769897,-0.330667,1.729794,-3099.2146,-564.416199,812.624512
44,0,-0.71055,-0.329678,1.786565,-3101.578613,-565.236206,813.861633
45,0,-0.711617,-0.329475,1.785878,-3101.575684,-565.222107,813.900879
46,0,-0.718342,-0.327357,1.786643,-3101.458496,-565.471924,813.896484
47,0,-0.711123,-0.330359,1.786437,-3101.577637,-565.242859,814.038818
48,0,-0.720434,-0.330701,1.775597,-3100.980469,-565.513733,813.967773
49,0,-0.721809,-0.330033,1.775813,-3100.89209,-565.497253,814.01178
50,0,-0.7221,-0.328299,1.784169,-3101.089844,-565.287292,814.0448
51,0,-0.722049,-0.328679,1.784408,-3101.029297,-565.240417,814.097656
52,0,-0.722131,-0.329677,1.783965,-3100.998047,-565.199036,814.185059
53,0,-0.711858,-0.334209,1.78607,-3101.172607,-564.938232,814.370605
54,0,-0.713574,-0.333398,1.784913,-3101.109619,-564.924744,814.388123
55,0,-0.712963,-0.33811,1.7764,-3100.762451,-564.963745,814.469116
56,0,-0.711632,-0.333873,1.786511,-3101.061279,-564.793396,814.442749
57,0,-0.711356,-0.333839,1.787348,-3101.031494,-564.71936,814.431641
58,0,-0.720191,-0.330329,1.786382,-3100.820313,-564.885986,814.271667
59,0,-0.721773,-0.330346,1.785496,-3100.781006,-564.813904,814.229126
60,0,-0.721247,-0.331438,1.785069,-3100.770752,-564.727539,814.192139
61,0,-0.725095,-0.332683,1.784301,-3100.826172,-564.658264,814.28125
62,0,-0.723217,-0.319871,1.790721,-3100.910645,-564.598694,813.962891
63,0,-0.72083,-0.331101,1.785971,-3100.84668,-564.483215,814.097961
64,0,-0.718298,-0.332943,1.787109,-3100.962646,-564.360352,814.104492
65,0,-0.722165,-0.332968,1.787725,-3101.087646,-564.285156,814.109192
66,0,-0.718849,-0.332452,1.788447,-3101.187256,-564.247437,814.038452
67,0,-0.719454,-0.332573,1.788019,-3101.243896,-564.156067,813.980225
68,0,-0.717303,-0.33058,1.790796,-3101.376709,-564.088867,813.868958
69,0,-0.719443,-0.331135,1.788661,-3101.376221,-563.975708,813.730347
70,0,-0.716984,-0.331465,1.790939,-3101.634033,-563.990051,813.724731
71,0,-0.718924,-0.331288,1.788682,-3101.760742,-563.944519,813.631287
72,0,-0.714971,-0.331702,1.791383,-3102.055664,-563.962891,813.625549
73,0,-0.715653,-0.331721,1.789795,-3102.155518,-563.890381,813.453247
74,0,-0.715874,-0.331962,1.789304,-3102.302002,-563.805359,813.277283
75,0,-0.714465,-0.330874,1.790504,-3102.572021,-563.785583,813.163574
76,0,-0.715928,-0.332115,1.788479,-3102.746582,-563.712402,813.042847
77,0,-0.715238,-0.331621,1.789953,-3103.039551,-563.71051,812.937866
78,0,-0.715311,-0.332878,1.788479,-3103.216797,-563.641602,812.803467
79,0,-0.707196,-0.33548,1.787884,-3103.545898,-563.311279,812.687561
80,0,-0.705609,-0.337001,1.787886,-3103.859619,-563.285828,812.615234
81,0,-0.706583,-0.337232,1.786502,-3104.116455,-563.27887,812.4823
82,0,-0.705075,-0.338305,1.786682,-3104.451172,-563.226807,812.321472
83,0,-0.706316,-0.338549,1.785199,-3104.756592,-563.179443,812.064636
84,0,-0.709625,-0.338069,1.782826,-3105.018066,-563.109131,811.694885
85,0,-0.712007,-0.333448,1.784796,-3105.401367,-563.375916,811.373413
86,0,-0.711778,-0.332492,1.784375,-3105.849121,-563.346436,811.022644
87,0,-0.707666,-0.332501,1.785574,-3106.432129,-563.320313,810.697632
88,0,-0.762577,-0.336126,1.726464,-3104.560059,-562.204712,809.00647
89,0,-0.725411,-0.337656,1.75757,-3106.602051,-562.729248,809.37323
90,0,-0.695347,-0.337133,1.781545,-3108.34375,-562.947998,809.421204
91,0,-0.781438,-0.30788,1.719665,-3106.389404,-562.768311,807.28009
92,0,-0.702085,-0.335963,1.777026,-3109.477539,-562.910278,808.027832
93,0,-0.695447,-0.339667,1.775543,-3110.294922,-562.504028,807.310059
94,0,-0.696852,-0.334268,1.779054,-3111.026123,-562.559753,806.248352
95,0,-0.688577,-0.335969,1.779986,-3112.063721,-562.206055,805.495117
96,0,-0.689028,-0.33732,1.778764,-3112.813965,-561.946899,804.370178
97,0,-0.754228,-0.333005,1.722037,-3111.069336,-560.852905,801.632935
98,0,-0.707171,-0.338472,1.760993,-3113.469482,-561.132813,801.263367
99,0,-0.682992,-0.333989,1.782212,-3115.462402,-561.073792,800.14502
100,0,-0.678247,-0.334537,1.783524,-3116.527832,-560.87146,798.684326
101,0,-0.674317,-0.335037,1.782152,-3117.463623,-560.576294,796.9729
102,0,-0.66849,-0.335271,1.78238,-3118.532471,-560.326599,795.28656
103,0,-0.667507,-0.331892,1.777972,-3119.341309,-559.974182,793.306274
104,0,-0.664881,-0.332572,1.774218,-3120.236084,-559.563965,791.443726
105,0,-0.637214,-0.342939,1.782324,-3121.369873,-558.756042,789.748352
106,0,-0.651016,-0.324834,1.781276,-3121.751709,-558.520813,787.430481
107,0,-0.645141,-0.323669,1.779434,-3122.227295,-557.45105,785.492249
108,0,-0.637945,-0.322631,1.781696,-3122.519043,-556.550598,783.752319
109,0,-0.635705,-0.319007,1.781788,-3122.339111,-555.451965,781.912109
110,0,-0.62917,-0.315622,1.784172,-3122.068604,-554.469604,780.492126
111,0,-0.624022,-0.317023,1.783229,-3121.309814,-553.272705,779.254883
112,0,-0.618076,-0.318525,1.783534,-3120.350342,-552.138672,778.389648
113,0,-0.613007,-0.323862,1.78131,-3118.877686,-550.767212,777.671814
114,0,-0.606682,-0.320962,1.78528,-3117.150879,-549.506104,777.047791
115,0,-0.603646,-0.324243,1.784489,-3114.755859,-548.023926,776.472656
116,0,-0.599296,-0.322755,1.788786,-3112.072754,-546.660767,776.111206
117,0,-0.59708,-0.323707,1.786571,-3108.688477,-545.328674,775.815491
118,0,-0.590766,-0.321283,1.789652,-3105.037842,-544.189758,775.815979
119,0,-0.588099,-0.324351,1.789428,-3100.653076,-543.017212,776.059387
120,0,-0.583307,-0.332115,1.7867,-3095.46875,-541.858459,776.503174
121,0,-0.582094,-0.334,1.784937,-3089.645996,-540.872742,777.230957
122,0,-0.580277,-0.338699,1.787525,-3083.052734,-540.166809,778.286682
123,0,-0.581523,-0.339732,1.786558,-3075.507568,-539.295654,779.432312
124,0,-0.586549,-0.338685,1.787377,-3067.174316,-538.688721,781.052124
125,0,-0.585441,-0.342505,1.778012,-3057.615479,-538.060181,782.976196
126,0,-0.588151,-0.346064,1.77148,-3046.997559,-537.863647,785.477539
127,0,-0.592788,-0.349508,1.766031,-3035.067627,-537.720459,788.631531
128,0,-0.601801,-0.355696,1.76119,-3021.46582,-537.665955,792.704712
129,0,-0.606493,-0.364326,1.757936,-3006.273682,-536.963806,797.762024
130,0,-0.6219,-0.369403,1.760681,-2989.199951,-536.889038,804.019653
131,0,-0.634117,-0.380485,1.759934,-2970.199463,-536.688721,811.616638
132,0,-0.646702,-0.394612,1.75581,-2948.957764,-536.663086,820.532349
133,0,-0.660173,-0.41343,1.742474,-2925.072266,-536.900146,831.0224
134,0,-0.677603,-0.424309,1.750135,-2899.45459,-536.85321,843.265564
135,0,-0.706048,-0.44474,1.741588,-2870.480957,-536.65033,857.888123
136,0,-0.731977,-0.456331,1.756598,-2839.716553,-536.308655,875.215881
137,0,-0.768811,-0.485725,1.768998,-2806.475342,-535.638,895.713745
138,0,-0.815409,-0.506593,1.787545,-2771.516357,-535.127319,919.314941
139,0,-0.84664,-0.527416,1.800971,-2735.236572,-534.889404,946.708435
140,0,-0.878853,-0.545742,1.818253,-2698.15918,-535.270508,977.934082
141,0,-0.944979,-0.588966,1.79148,-2659.716797,-535.455017,1012.92395
142,0,-0.994585,-0.624515,1.784481,-2622.061768,-535.369995,1051.269897
143,0,-1.032828,-0.660252,1.775542,-2585.909668,-534.986816,1092.464233
144,0,-1.07073,-0.702258,1.769652,-2550.751221,-533.764893,1135.45459
145,0,-1.095764,-0.750081,1.767248,-2516.460205,-531.792053,1178.787354
146,0,-1.086527,-0.793675,1.788399,-2483.668945,-530.11438,1221.428833
147,0,-1.0866,-0.849645,1.789522,-2450.006592,-527.496033,1262.83252
148,0,-1.163113,-0.924754,1.711317,-2413.091553,-523.559021,1301.919312
149,,,,,,,
150,,,,,,,
151,0,-1.034656,-1.052326,1.820947,-2316.48877,-516.878601,1416.212402
152,,,,,,,
153,,,,,,,
154,0,-0.949801,-1.151639,1.908309,-2220.57251,-510.670532,1520.889282
155,,,,,,,
156,,,,,,,
157,0,-0.850905,-1.273384,1.991877,-2125.274658,-504.347565,1616.065063
158,,,,,,,
159,,,,,,,
160,0,-0.745666,-1.384355,2.071588,-2030.914307,-498.167664,1702.116577
161,0,-0.708743,-1.421071,2.097598,-1999.550049,-496.099335,1728.692139
162,0,-0.671368,-1.457934,2.122941,-1968.304443,-494.045898,1754.288574
163,0,-0.633372,-1.491818,2.148225,-1937.342041,-491.993713,1779.003906
164,0,-0.595259,-1.531554,2.172063,-1906.120239,-489.967133,1802.553467
165,0,-0.541114,-1.564745,2.197704,-1875.337158,-487.908539,1824.94812
166,0,-0.499814,-1.600242,2.221142,-1844.244995,-485.900085,1846.44812
167,0,-0.458723,-1.635596,2.243697,-1813.249878,-483.900513,1866.959351
168,0,-0.4189,-1.680208,2.263775,-1782.078979,-481.767883,1886.560425
169,0,-0.378135,-1.714146,2.284573,-1751.261475,-479.826447,1905.142334
170,0,-0.335904,-1.748139,2.30591,-1720.481567,-477.89093,1922.691284
171,0,-0.279913,-1.777807,2.324361,-1689.855591,-475.976318,1938.985718
172,0,-0.23225,-1.809776,2.343034,-1659.154297,-474.081757,1954.428955
173,0,-0.183329,-1.842147,2.361743,-1628.523682,-472.176636,1968.886353
174,0,-0.133404,-1.873722,2.379541,-1598.016357,-470.279236,1982.364624
175,0,-0.083106,-1.905418,2.396497,-1567.554932,-468.382843,1994.810181
176,0,-0.02897,-1.936864,2.41181,-1537.185669,-466.488525,2006.327393
177,0,0.033614,-1.963068,2.42468,-1506.966064,-464.641693,2016.593018
178,0,0.084076,-2.007112,2.45495,-1476.332642,-462.404663,2026.292847
179,0,0.139415,-2.04028,2.472261,-1446.032349,-460.583191,2034.741821
180,0,0.193028,-2.069861,2.485516,-1415.635742,-458.709137,2042.173828
181,0,0.246845,-2.09886,2.498198,-1385.21875,-456.822906,2048.632813
182,0,0.300327,-2.126163,2.510038,-1354.88916,-454.948303,2054.13623
183,0,0.360195,-2.157518,2.528806,-1324.384766,-452.9039,2058.671143
184,0,0.417051,-2.183447,2.537514,-1294.030762,-451.034698,2062.070313
185,0,0.4791,-2.209481,2.538984,-1263.519653,-449.23465,2064.473877
186,0,0.547044,-2.235448,2.545514,-1233.862305,-447.497803,2066.073975
187,0,0.60789,-2.258946,2.551743,-1203.877563,-445.663574,2066.624268
188,0,0.668748,-2.281837,2.556717,-1173.939209,-443.832062,2066.179932
189,0,0.732199,-2.303188,2.556515,-1143.89563,-442.012573,2064.662598
190,0,0.797708,-2.328097,2.559865,-1113.878052,-440.237701,2062.182129
191,0,0.853237,-2.350509,2.55963,-1084.173462,-438.375336,2058.718994
192,0,0.93098,-2.372518,2.554291,-1054.640381,-436.621918,2054.469727
193,0,0.993934,-2.391435,2.552744,-1025.060303,-434.814117,2049.148438
194,0,1.057926,-2.410758,2.548636,-995.444458,-432.981018,2042.831177
195,0,1.127165,-2.429402,2.54344,-965.856323,-431.143341,2035.536499
196,0,1.195448,-2.447212,2.537358,-936.26178,-429.31665,2027.259644
197,0,1.267125,-2.463425,2.530409,-906.895691,-427.48764,2018.084717
198,0,1.337554,-2.478274,2.522851,-877.532593,-425.643127,2007.936279
199,0,1.397842,-2.490633,2.548234,-847.429077,-423.798248,1997.055664
200,0,1.470778,-2.503917,2.539625,-817.969482,-421.953339,1984.948975
201,0,1.542192,-2.515765,2.531575,-788.488831,-420.136719,1971.864014
202,0,1.616135,-2.527358,2.521816,-759.228149,-418.306824,1957.869263
203,0,1.690512,-2.536458,2.510305,-729.969788,-416.483765,1942.930664
204,0,1.76772,-2.544782,2.496047,-700.768127,-414.673248,1926.998291
205,0,1.866181,-2.542732,2.473416,-672.036865,-412.843597,1909.979736
206,0,1.946517,-2.549452,2.449984,-642.610596,-411.094086,1892.113159
207,0,2.026078,-2.552722,2.427662,-613.541626,-409.334778,1873.320923
208,0,2.104471,-2.553887,2.404449,-584.53418,-407.554077,1853.611694
209,0,2.194517,-2.557266,2.368046,-555.636841,-405.665131,1832.86438
210,0,2.265182,-2.552621,2.348614,-526.615173,-403.989868,1811.241211
211,0,2.521473,-2.490876,2.244943,-498.099365,-402.601288,1788.497925
212,0,2.604736,-2.480286,2.211142,-469.134674,-400.770752,1764.986816
213,0,2.686205,-2.469174,2.175263,-440.23526,-398.913116,1740.550781
214,0,2.652814,-2.521259,2.16908,-411.477753,-396.386627,1715.168701
215,0,2.741331,-2.506588,2.1288,-382.642242,-394.527985,1688.83728
216,0,2.831443,-2.488245,2.083384,-353.92276,-392.681915,1661.581909
217,0,2.911964,-2.466954,2.053673,-324.905426,-390.916351,1633.451172
218,0,3.000463,-2.44472,2.003145,-296.232727,-389.077026,1604.320068
219,0,3.090346,-2.42569,1.940406,-267.415405,-387.262329,1574.247314
220,0,3.174992,-2.398987,1.886436,-238.790695,-385.43512,1543.262207
221,0,3.26132,-2.371909,1.821864,-210.391113,-383.597748,1511.314575
222,0,3.365445,-2.329543,1.751769,-182.097092,-381.636627,1478.519409
223,0,3.458791,-2.292756,1.658075,-154.295334,-379.807251,1444.643799
224,0,3.54961,-2.248725,1.585868,-126.012756,-377.927826,1409.985474
225,0,3.636273,-2.203661,1.510277,-97.780975,-376.073303,1374.386353
226,0,3.723561,-2.153137,1.431467,-69.547424,-374.20636,1337.883789
227,0,3.807841,-2.100152,1.350468,-41.402908,-372.339874,1300.472412
228,0,3.889652,-2.043996,1.247694,-13.697915,-370.608215,1262.198975
229,0,3.966754,-1.985953,1.162256,14.357379,-368.682831,1223.033203
230,0,4.041599,-1.924469,1.072438,42.324806,-366.802887,1182.934692
231,0,4.118766,-1.858988,0.96035,70.015434,-364.931335,1142.019653
232,0,4.183701,-1.796497,0.860134,97.799431,-363.078949,1100.133911
233,0,4.24968,-1.725434,0.758373,125.508308,-361.1651,1057.383423
234,0,4.311458,-1.651967,0.653296,153.170563,-359.214142,1013.767029
235,0,4.370564,-1.574157,0.546594,180.788849,-357.288239,969.246704
236,0,4.425443,-1.490666,0.437391,208.329163,-355.342316,923.839478
237,0,4.470655,-1.41625,0.298198,235.491272,-353.541931,877.667908
238,0,4.513351,-1.332098,0.175642,262.817017,-351.616821,830.585205
239,0,4.550063,-1.247607,0.049678,290.011566,-349.682556,782.639587
240,0,4.576803,-1.15656,-0.087793,317.00174,-347.931335,733.872314
241,0,4.602359,-1.070398,-0.214628,344.055969,-345.969299,684.17981
242,0,4.620811,-0.984402,-0.343689,370.997925,-343.974182,633.671387
243,0,4.633175,-0.897206,-0.47577,397.905884,-341.995483,582.346436
244,0,4.639734,-0.805312,-0.610083,424.681091,-339.99942,530.202332
245,0,4.639456,-0.713949,-0.744223,451.313995,-337.986633,477.217499
246,0,4.633608,-0.622139,-0.879019,477.865265,-335.963684,423.351959
247,0,4.619794,-0.527681,-1.017619,504.365143,-333.922913,368.678925
248,0,4.600782,-0.43654,-1.152005,530.772827,-331.86676,313.218323
249,0,4.564764,-0.344895,-1.308608,557.032532,-329.911377,257.064728
250,0,4.529455,-0.248814,-1.445775,583.257263,-327.847443,200.024551
251,0,4.486186,-0.166061,-1.57646,609.347168,-325.854004,142.054718
252,0,4.453956,0.013259,-1.689808,636.240234,-323.590881,83.124657
253,0,4.364936,0.046254,-1.907662,661.65863,-321.471771,26.52029
254,,,,,,,
255,,,,,,,
256,0,1.197878,-2.458753,-3.356016,713.433105,-326.227112,136.589478
257,,,,,,,
258,,,,,,,
259,0,-0.8765,-2.197597,-2.223287,768.283508,-332.153778,240.988785
260,,,,,,,
261,,,,,,,
262,0,-1.528212,-1.130524,-0.909368,824.060547,-337.505585,333.936859
263,,,,,,,
264,,,,,,,
265,0,-1.444656,0.04842,0.242327,878.69043,-343.052399,415.06189
266,,,,,,,
267,,,,,,,
268,0,-0.848191,1.247259,1.24081,930.827942,-347.996613,489.163757
269,0,-0.556309,1.604878,1.534525,949.196899,-349.771454,512.368164
270,,,,,,,
271,0,0.269224,2.232653,2.0625,985.644897,-353.220032,555.302856
272,,,,,,,
273,,,,,,,
274,0,2.367093,2.533844,2.478898,1040.630127,-358.481323,610.299377
275,,,,,,,
276,,,,,,,
277,0,4.894443,-0.24532,0.806491,1093.845947,-363.159882,655.430359
278,,,,,,,
279,,,,,,,
280,0,2.460322,-3.220506,-1.747553,1146.147339,-367.764526,694.058289
281,,,,,,,
282,,,,,,,
283,0,0.37717,-2.62013,-1.834019,1201.254395,-372.797699,724.381042
284,0,0.156289,-2.370433,-1.761251,1219.198853,-373.995117,731.706665
285,,,,,,,
286,0,-0.538216,-1.332046,-1.283171,1256.627319,-377.469055,742.167175
287,,,,,,,
288,,,,,,,
289,0,-0.927877,0.040898,-0.635951,1307.481812,-381.716827,750.965576
290,0,-0.976376,0.495676,-0.402028,1324.897949,-383.039429,752.870361
291,,,,,,,
292,0,-1.012537,1.43628,0.122488,1358.662354,-385.92749,755.014282
293,0,-1.00527,1.858484,0.413606,1376.293579,-388.114075,754.725525
294,,,,,,,
295,0,-0.858129,2.719552,1.090594,1414.213257,-390.663757,751.176819
296,,,,,,,
297,,,,,,,
298,0,-0.209268,3.487393,2.670138,1470.443237,-395.329315,732.214478
299,,,,,,,
300,,,,,,,
301,0,2.178189,0.241167,4.827374,1519.4021,-399.076721,704.547546
302,,,,,,,
303,,,,,,,
304,0,2.061795,-3.945028,1.25875,1568.785767,-402.739136,674.095032
305,0,1.728295,-3.807711,0.500501,1586.017334,-404.408539,662.636475
306,0,1.536573,-3.606711,0.085177,1605.209106,-406.243896,648.532166
307,0,1.148914,-3.08706,-0.312136,1623.309082,-407.3461,636.270874
308,,,,,,,
309,,,,,,,
310,0,0.575271,-1.66691,-0.793505,1679.334351,-411.897614,583.163025
311,,,,,,,
312,,,,,,,
313,0,0.107503,-0.19361,-0.949329,1727.765991,-414.931763,520.135803
314,,,,,,,
315,,,,,,,
316,0,-0.34131,1.258989,-0.805981,1775.198853,-419.070801,453.529297
317,,,,,,,
318,,,,,,,
319,0,-0.889133,2.643427,-0.408394,1827.719238,-423.48172,382.074829
320,,,,,,,
321,,,,,,,
322,0,-1.671444,3.78528,0.680369,1882.263184,-427.578125,296.401154
323,,,,,,,
324,,,,,,,
325,0,-2.531155,2.50688,3.849657,1932.922241,-432.235352,198.579376
326,,,,,,,
327,,,,,,,
328,0,0.193956,1.085108,-1.03358,1974.14624,-438.144073,95.1586
329,,,,,,,
330,,,,,,,
331,0,-0.869515,1.726152,-1.38543,2018.475098,-420.205688,62.885025
332,0,-1.356433,1.587507,-1.775136,2030.059814,-407.268707,80.745895
333,0,-1.853808,1.273167,-2.058338,2041.881104,-393.21701,97.633148
334,0,-2.333297,0.847267,-2.332316,2055.007813,-379.678253,113.085953
335,0,-2.801662,0.229909,-2.510324,2066.849609,-366.087616,127.813263
336,0,-3.197884,-0.579112,-2.546728,2083.55835,-352.090057,139.725113
337,0,-3.293625,-1.698748,-2.412655,2088.775635,-338.129517,154.884232
338,0,-2.990845,-2.912397,-2.011767,2099.941162,-324.146515,166.405869
339,0,-2.176128,-4.098139,-0.97152,2112.083496,-311.207733,176.509064
340,0,-0.898599,-4.638231,0.271307,2122.996094,-298.187836,186.885605
341,0,0.372298,-4.407143,1.139825,2134.739258,-285.030853,195.560257
342,,,,,,,
343,0,2.091239,-2.899418,1.792845,2159.34668,-260.619568,209.918793
344,,,,,,,
345,,,,,,,
346,0,2.029445,-0.882079,1.666371,2192.97168,-217.074173,225.561829
347,0,1.836626,-0.349783,1.45736,2205.398438,-203.421066,227.860458
348,0,1.59564,0.113367,1.165142,2215.917236,-190.075745,229.350418
349,0,1.283932,0.525182,0.91554,2227.661133,-176.450592,230.050949
350,0,0.934379,0.880915,0.62927,2238.514893,-164.105026,229.40181
351,0,0.56491,1.182249,0.345168,2249.715332,-151.121384,228.192993
352,0,0.163938,1.424396,0.031159,2260.56958,-138.045151,226.453125
353,0,-0.267238,1.611237,-0.275452,2272.181641,-124.823532,223.884506
354,0,-0.722782,1.748565,-0.6077,2283.287354,-111.963539,220.431137
355,0,-1.175407,1.747461,-0.954704,2296.222656,-99.103584,214.756744
356,0,-1.641685,1.790153,-1.319608,2306.972168,-84.858002,210.566971
357,0,-2.124475,1.648509,-1.679132,2318.987061,-70.659203,203.683716
358,0,-2.605964,1.374864,-2.036031,2330.668213,-56.449471,195.386169
359,0,-3.061735,0.879023,-2.411062,2342.560547,-43.030827,185.465317
360,0,-3.46308,0.067839,-2.707654,2353.093506,-30.151035,175.12233
361,0,-3.55933,-1.187788,-2.854095,2364.306152,-17.172047,163.911163
362,0,-3.026961,-2.856332,-2.597295,2380.20166,-4.087697,149.163177
363,0,-1.888097,-4.212255,-1.949648,2392.339111,8.404754,136.902298
364,0,-0.334046,-4.802448,-0.633928,2396.64209,20.339241,125.611557
365,0,0.836523,-4.509992,0.257234,2408.644287,33.2981,111.713463
366,0,1.555063,-3.853882,0.926272,2419.280029,46.143177,96.866432
367,0,1.87541,-3.129425,1.278076,2430.9104,59.743473,80.919708
368,0,2.003535,-2.468888,1.611018,2441.938477,72.576759,63.445248
369,0,2.003915,-1.823573,1.84045,2452.030029,86.679634,44.667522
370,0,1.80398,-1.238226,1.439724,2468.88623,104.638794,47.378883
371,,,,,,,
372,,,,,,,
373,0,1.028064,0.285272,0.725886,2505.652588,152.772079,68.255928
374,0,0.702211,0.604376,0.537288,2523.765381,168.680664,73.130981
375,0,0.307146,0.801519,0.407924,2541.834473,187.353897,81.344307
376,0,-0.06943,1.397189,-0.177031,2540.210938,197.189972,83.19812
377,,,,,,,
378,,,,,,,
379,0,-1.404985,2.035513,-1.199659,2578.916748,245.003143,92.075676
380,0,-1.837821,1.970809,-1.552495,2591.089111,260.906799,93.156685
381,,,,,,,
382,0,-2.996271,1.606967,-2.484805,2617.655029,294.086334,87.357361
383,0,-3.507627,0.788764,-2.927802,2629.632568,309.23819,83.714607
384,,,,,,,
385,0,-2.771588,-2.964945,-3.075067,2653.975342,342.186066,73.480782
386,0,-1.361744,-4.495356,-1.991693,2664.835205,356.518311,69.710732
387,,,,,,,
388,0,1.000253,-4.236685,0.711428,2688.312988,384.517853,56.082462
389,0,1.387214,-3.772851,1.052721,2692.484863,398.984924,63.215343
390,0,1.644877,-3.042258,1.391263,2722.219238,422.534576,61.541443
391,0,1.763061,-2.515273,1.692912,2727.179932,440.475006,67.267166
392,0,1.762228,-2.027692,1.97983,2738.499756,459.96463,70.91153
393,0,1.701,-1.532382,2.000872,2752.811523,481.000305,73.728973
394,0,1.629364,-1.007278,1.74083,2768.12793,500.725616,72.648895
395,0,1.529592,-0.699273,1.856145,2781.007813,522.485168,74.009476
396,0,1.415701,-0.385964,1.948712,2792.253662,544.114624,73.250946
397,0,1.046041,0.336993,1.185995,2802.928467,552.35498,64.819603
398,0,0.810937,0.69041,1.04405,2820.282227,570.446045,60.491436
399,,,,,,,
400,0,0.289695,1.370561,0.586778,2839.568848,605.35675,52.742706
401,0,-0.003459,1.505699,0.328428,2860.783447,624.11676,43.664474
402,0,-0.068169,1.738285,0.328313,2863.41748,635.69696,59.775036
403,0,-0.144976,1.72157,0.288875,2869.560547,648.56781,74.597908
404,0,-0.21473,1.742271,0.279759,2877.995361,660.569458,87.910019
405,0,-0.283432,1.762606,0.270057,2886.423584,672.54541,100.177223
406,0,-0.355576,1.780757,0.260561,2894.918701,684.601501,111.524391
407,0,-0.424556,1.797797,0.25182,2903.428467,696.733521,121.938812
408,0,-0.509611,1.834417,0.218737,2911.407715,708.004578,131.690796
409,0,-0.586748,1.838692,0.214804,2920.203857,720.109863,140.023575
410,0,-0.657281,1.855923,0.20361,2928.525879,732.115234,147.384445
411,0,-0.730574,1.872001,0.190453,2936.967285,744.298401,153.994751
412,0,-0.795919,1.88308,0.176792,2945.172119,756.256836,159.212875
413,0,-0.871789,1.903107,0.163368,2953.546387,768.283325,163.912109
414,0,-0.946836,1.915258,0.147656,2961.946777,780.344238,167.533417
415,0,-1.023535,1.92493,0.132502,2970.362793,792.384705,170.196701
416,0,-1.097836,1.934447,0.116889,2978.732178,804.40033,171.82692
417,0,-1.172379,1.943266,0.100125,2987.104492,816.390564,172.446915
418,0,-1.249366,1.94875,0.081781,2995.460449,828.408813,172.043854
419,0,-1.316624,1.955077,0.07396,3003.736816,840.56842,170.641968
420,0,-1.397215,1.957699,0.049798,3012.14624,852.526245,168.381866
421,0,-1.507204,1.958542,0.059384,3019.588867,863.490784,165.964706
422,0,-1.53282,1.999529,0.005785,3036.72583,876.476868,159.030777
423,0,-1.606264,2.001078,-0.01369,3045.976074,888.605103,153.541107
424,0,-1.683458,2.0014,-0.034887,3053.716064,900.513855,147.39209
425,0,-1.759825,1.989976,-0.053011,3062.350342,912.541809,140.083313
426,0,-1.835428,1.978213,-0.07668,3070.625488,924.511719,131.988678
427,0,-1.935468,1.967587,-0.092461,3078.968506,936.903015,122.443443
428,0,-1.991798,1.956916,-0.118864,3087.46167,948.563965,112.710388
429,0,-2.071319,1.933206,-0.152207,3095.928223,960.743225,101.735535
430,0,-2.153802,1.923143,-0.143378,3105.064941,972.707886,88.916626
431,0,-2.231905,1.899723,-0.18679,3111.487061,984.503357,76.668312
432,0,-2.306242,1.884667,-0.212211,3120.05249,996.453735,62.424847
433,0,-2.435165,1.886278,-0.248494,3127.075439,1007.389038,56.1096
434,0,-2.565936,1.92777,-0.410991,3131.82251,1016.270264,69.150452
435,0,-2.917631,1.938944,-0.342987,3137.378662,1026.353638,78.051407
436,0,-3.169865,1.954481,-0.39684,3142.739502,1035.608154,86.987701
437,0,-3.282163,2.03019,-0.626715,3149.510254,1043.982178,96.220551
438,0,-3.542281,1.991383,-0.707353,3154.172363,1053.373169,101.43026
439,0,-3.973469,1.846493,-0.576821,3157.450928,1061.786621,108.091125
440,0,-4.246544,1.721615,-0.672698,3162.339111,1070.271973,113.32888
441,0,-4.575173,1.432348,-0.729727,3166.560791,1078.708374,117.311729
442,0,-4.828547,1.205124,-0.842541,3171.572266,1087.173706,120.335907
443,0,-4.926776,1.282991,-1.116472,3176.602051,1095.566772,122.443977
444,,,,,,,
445,0,-5.144761,-1.501945,-1.398292,3186.861328,1112.759888,123.615768
446,0,-5.035687,-2.092469,-1.719512,3189.753174,1119.104492,125.944466
447,0,-4.270255,-3.352215,-2.1504,3197.006348,1128.05249,124.84977
448,0,-1.564252,-5.466146,-1.248864,3195.369873,1134.650635,124.052933
449,0,0.995351,-5.692796,-0.601276,3197.788086,1141.289673,124.608131
450,,,,,,,
451,,,,,,,
452,,,,,,,
453,,,,,,,
454,0,2.597893,-3.693459,0.416342,3223.159424,1182.769775,90.968292
455,0,2.655319,-3.379798,0.503456,3230.239746,1191.338745,82.318932
456,0,2.673075,-3.076984,0.522671,3234.917236,1199.9646,73.55143
457,0,2.649714,-2.809968,0.551209,3240.689697,1208.790283,63.076191
458,0,2.595725,-2.570861,0.491469,3242.247559,1215.857666,55.724289
459,0,2.458881,-2.411518,0.048813,3256.644531,1223.774536,56.366978
460,0,2.308942,-2.114076,-0.362239,3263.679443,1231.453369,55.905239
461,0,2.261606,-2.073137,-0.538945,3272.678223,1236.726563,60.232952
462,,,,,,,
463,0,1.699659,-1.465761,-1.01655,3290.49292,1250.434814,55.074562
464,0,1.485868,-1.365264,-1.024247,3296.851318,1254.76416,58.710793
465,,,,,,,
466,,,,,,,
467,,,,,,,
468,,,,,,,
469,0,0.476891,-1.075671,-0.590889,3339.844971,1277.310059,76.307549
470,0,0.353305,-1.085974,-0.513612,3346.943604,1281.627319,78.236809
471,0,0.232663,-1.080758,-0.422575,3356.022705,1286.842529,78.429352
472,0,-0.128149,-0.747852,-0.381186,3360.544189,1289.5896,75.947128
473,0,-0.278053,-0.757763,-0.321014,3369.067383,1293.928467,74.525932
474,0,-0.426125,-0.67639,-0.226232,3527.756592,1323.208862,17.437496
475,0,-0.590869,-0.599334,-0.152151,3525.196533,1325.934814,17.332748
476,,,,,,,
477,,,,,,,
478,,,,,,,
479,,,,,,,
480,,,,,,,
481,,,,,,,
482,,,,,,,
483,,,,,,,
484,,,,,,,
485,,,,,,,
486,,,,,,,
487,0,-2.094484,1.717546,0.959995,3462.537354,1361.50061,72.704941
488,0,-2.114696,1.846845,0.960439,3466.63623,1364.614136,74.003021
489,0,-2.14043,1.982283,0.963146,3471.237061,1368.659912,74.629135
490,0,-2.3244,2.274309,1.260347,3483.132324,1378.608521,62.943035
491,0,-2.351332,2.518022,1.372625,3484.980713,1380.74231,57.866913
492,0,-2.376204,2.711829,1.43333,3495.137451,1387.830078,59.195213
493,0,-2.372252,2.93376,1.422524,3504.928711,1393.752686,64.307274
494,,,,,,,
495,,,,,,,
496,0,-2.074982,3.703352,2.096867,3526.026855,1408.423218,64.459305
497,0,-1.945228,3.928342,2.244665,3528.08667,1412.406982,64.485023
498,0,-1.751251,4.119596,2.284758,3536.02002,1418.318115,63.162865
499,0,-0.779356,4.217124,3.199683,3544.985107,1423.792725,57.945255
500,0,-0.16526,4.305015,3.270945,3548.722656,1428.231323,55.396038
501,0,0.422154,4.330997,3.314842,3555.955566,1433.195068,56.47739
502,0,0.957646,4.198599,3.456074,3558.316406,1436.477539,63.672817
503,0,1.185531,4.296552,3.207063,3563.160889,1440.168335,68.862534
504,0,1.547885,4.257922,3.089881,3564.933838,1443.533936,74.499001
505,0,1.706138,4.303192,2.838877,3575.022461,1448.161011,76.416183
506,0,1.906504,4.288352,2.675864,3575.630127,1451.166748,80.380135
507,0,2.053021,4.288609,2.502422,3579.340576,1454.756714,82.240372
508,0,2.22296,4.255448,2.329393,3584.703613,1458.619263,82.644936
509,0,2.198478,4.284974,2.104238,3591.46875,1462.679321,81.699646
510,0,2.448902,4.214416,2.011102,3590.71582,1465.686768,82.144958
511,0,2.520787,4.192872,1.822229,3596.823975,1469.748291,79.661461
512,0,2.612834,4.147121,1.689436,3600.575439,1473.481079,76.598923
513,0,2.665746,4.14392,1.517894,3606.489502,1477.678223,71.907394
514,0,2.759135,4.057341,1.433332,3608.612061,1480.974731,67.424309
515,0,2.796921,4.006755,1.301482,3614.311523,1485.015137,61.113438
516,0,2.882159,3.958952,1.169053,3617.216553,1488.509277,54.600574
517,0,3.091315,3.838761,0.958159,3621.52124,1491.586426,57.507263
518,0,3.34078,3.652218,0.755128,3623.037109,1494.041016,63.189701
519,0,3.542784,3.422421,0.578014,3576.466064,1487.061279,84.878586
520,,,,,,,
521,,,,,,,
522,,,,,,,
523,,,,,,,
524,,,,,,,
525,,,,,,,
526,,,,,,,
527,,,,,,,
528,,,,,,,
529,,,,,,,
530,,,,,,,
531,,,,,,,
532,,,,,,,
533,,,,,,,
534,,,,,,,
535,,,,,,,
536,,,,,,,
537,,,,,,,
538,,,,,,,
539,,,,,,,
540,,,,,,,
541,,,,,,,
542,,,,,,,
543,,,,,,,
544,0,-0.947521,1.40959,1.724885,3708.103516,1543.935791,55.824619
545,0,-0.969233,1.414526,1.769071,3714.115967,1546.323242,58.495125
546,0,-0.939998,1.493601,1.790393,3716.562256,1546.794189,61.308853
547,0,-0.946358,1.537725,1.796276,3721.571289,1548.225586,62.966175
548,0,-0.926575,1.602539,1.78836,3726.135742,1548.80835,63.4664
549,0,-0.981476,1.587799,1.783694,3728.729248,1550.201782,65.317772
550,0,-0.651703,1.911475,1.645273,3729.791748,1544.317383,61.395649
551,0,-0.664572,1.921133,1.622315,3734.757568,1545.457153,60.27644
552,0,-0.674779,1.993819,1.579392,3734.712158,1546.143555,60.908813
553,0,-0.675637,2.132417,1.568618,3739.014648,1548.180908,58.792328
